{
  "candidate_id": "candidate_2_orthogonal_01",
  "n_dates": 252,
  "top1_weight_max": 0.1,
  "top3_weight_max": 0.30000000000000004,
  "top5_weight_max": 0.5,
  "distinct_names_count": 57,
  "name_days_max_share": 0.0925925925925928,
  "watchlist_single_max_share": 0.0925925925925928,
  "watchlist_total_share": 0.31069958847736623,
  "thin_data_total_share": 0.2847736625514403,
  "per_symbol_watch_shares": {
    "LLY": 0.024691358024691336,
    "SOXL": 0.0925925925925928,
    "LRCX": 0.06502057613168707,
    "TMO": 0.0168724279835391,
    "BKNG": 0.006584362139917697,
    "CMG": 0.007818930041152266,
    "ABT": 0.001234567901234568,
    "TRV": 0.0024691358024691358,
    "TT": 0.005761316872427984,
    "TKO": 0.007818930041152266,
    "ISRG": 0.005761316872427984,
    "CLX": 0.004115226337448559,
    "PWR": 0.02798353909465017,
    "KLAC": 0.030041152263374445,
    "MCK": 0.0028806584362139915,
    "ACGL": 0.0049382716049382715,
    "APD": 0.004115226337448559
  },
  "sector_concentration": {
    "status": "not_computed"
  },
  "benchmark_beta_concentration": {
    "status": "not_computed"
  },
  "triggered_warnings": [
    "thin_data_share=0.2848>0.05",
    "watch_single_share=0.0926>=0.08"
  ],
  "triggered_extremes": [
    "thin_data_share=0.2848>0.1"
  ],
  "concentration_gate_status": "manual_review_required",
  "narrative_permission": "frozen"
}