{
  "candidate_id": "rcm_v1_defensive_composite_01",
  "n_dates": 252,
  "top1_weight_max": 0.1,
  "top3_weight_max": 0.30000000000000004,
  "top5_weight_max": 0.5,
  "distinct_names_count": 38,
  "name_days_max_share": 0.09628099173553745,
  "watchlist_single_max_share": 0.09628099173553745,
  "watchlist_total_share": 0.5772727272727273,
  "thin_data_weighted_share": 0.1496545867768594,
  "thin_data_binary_share": 0.5685950413223142,
  "per_symbol_watch_shares": {
    "PWR": 0.002066115702479339,
    "LLY": 0.008677685950413225,
    "SHY": 0.0024793388429752063,
    "TMO": 0.002892561983471074,
    "ACGL": 0.016115702479338852,
    "USMV": 0.02190082644628098,
    "QUAL": 0.09628099173553745,
    "TT": 0.013636363636363643,
    "KLAC": 0.05454545454545442,
    "MTUM": 0.05785123966942135,
    "CLX": 0.02727272727272724,
    "BKNG": 0.020661157024793382,
    "SOXL": 0.08140495867768599,
    "SCHD": 0.008264462809917357,
    "CMG": 0.04421487603305776,
    "MCK": 0.005371900826446281,
    "VLUE": 0.02851239669421484,
    "TKO": 0.0363636363636363,
    "APD": 0.02396694214876031,
    "LRCX": 0.013223140495867775,
    "XLRE": 0.011570247933884302
  },
  "sector_concentration": {
    "status": "computed",
    "per_sector_weight_day_share": {
      "Information Technology": 0.19297520661156983,
      "Consumer Discretionary": 0.1293388429752064,
      "Leveraged ETF": 0.1140495867768595,
      "Industrials": 0.01570247933884298,
      "Consumer Staples": 0.0785123966942148,
      "Communication Services": 0.04214876033057845,
      "Energy": 0.030578512396694173,
      "Financials": 0.07851239669421473,
      "Materials": 0.02603305785123965,
      "Health Care": 0.0611570247933884,
      "Real Estate": 0.011570247933884302,
      "Factor / Multi-sector ETF": 0.21280991735537197,
      "Treasury / Bond": 0.0024793388429752063,
      "Commodity": 0.004132231404958677
    },
    "top_sector_label": "Factor / Multi-sector ETF",
    "top_sector_weight_day_share": 0.21280991735537197,
    "block_for_review_threshold": 0.5,
    "block_for_review": false,
    "unknown_symbol_count": 0
  },
  "benchmark_beta_concentration": {
    "status": "computed",
    "portfolio_weighted_mean_beta": 1.7175384327381322,
    "portfolio_weighted_std_beta": 1.6717903901543543,
    "max_abs_per_symbol_beta": 6.2614871017413956,
    "n_symbols_with_beta": 36
  },
  "triggered_warnings": [
    "thin_data_weighted_share=0.1497>0.05",
    "watch_single_share=0.0963>=0.08"
  ],
  "triggered_extremes": [
    "thin_data_weighted_share=0.1497>0.1"
  ],
  "concentration_gate_status": "manual_review_required",
  "narrative_permission": "frozen"
}