{
  "candidate_id": "rcm_v1_defensive_composite_01",
  "n_dates": 252,
  "top1_weight_max": 0.1,
  "top3_weight_max": 0.30000000000000004,
  "top5_weight_max": 0.5,
  "distinct_names_count": 38,
  "name_days_max_share": 0.09628099173553745,
  "watchlist_single_max_share": 0.09628099173553745,
  "watchlist_total_share": 0.5772727272727273,
  "thin_data_total_share": 0.5685950413223142,
  "per_symbol_watch_shares": {
    "LLY": 0.008677685950413225,
    "QUAL": 0.09628099173553745,
    "MTUM": 0.05785123966942135,
    "SOXL": 0.08140495867768599,
    "LRCX": 0.013223140495867775,
    "TMO": 0.002892561983471074,
    "BKNG": 0.020661157024793382,
    "CMG": 0.04421487603305776,
    "SCHD": 0.008264462809917357,
    "TT": 0.013636363636363643,
    "TKO": 0.0363636363636363,
    "XLRE": 0.011570247933884302,
    "CLX": 0.02727272727272724,
    "SHY": 0.0024793388429752063,
    "PWR": 0.002066115702479339,
    "VLUE": 0.02851239669421484,
    "KLAC": 0.05454545454545442,
    "MCK": 0.005371900826446281,
    "ACGL": 0.016115702479338852,
    "APD": 0.02396694214876031,
    "USMV": 0.02190082644628098
  },
  "sector_concentration": {
    "status": "not_computed"
  },
  "benchmark_beta_concentration": {
    "status": "not_computed"
  },
  "triggered_warnings": [
    "thin_data_share=0.5686>0.05",
    "watch_single_share=0.0963>=0.08"
  ],
  "triggered_extremes": [
    "thin_data_share=0.5686>0.1"
  ],
  "concentration_gate_status": "manual_review_required",
  "narrative_permission": "frozen"
}