{
  "candidate_id": "research-cycle-2026-04-26-01_top_trial_rejected_at_g2a",
  "regimes": {
    "BULL": {
      "n_dates": 568,
      "ic_mean": 0.031222719667773124,
      "ic_std": 0.2692472213003677,
      "ic_ir": 0.40170766891393916,
      "positive_rate": 0.5563380281690141
    },
    "BEAR": {
      "n_dates": 393,
      "ic_mean": 0.08786615693724792,
      "ic_std": 0.2527109230021767,
      "ic_ir": 1.2044485159022833,
      "positive_rate": 0.6310432569974554
    },
    "RISK_ON": {
      "n_dates": 168,
      "ic_mean": 0.09129890157236764,
      "ic_std": 0.2335531966776041,
      "ic_ir": 1.3541611799632853,
      "positive_rate": 0.75
    },
    "RISK_OFF": {
      "n_dates": 266,
      "ic_mean": 0.07374135744256788,
      "ic_std": 0.22451950462310574,
      "ic_ir": 1.1377521781373163,
      "positive_rate": 0.6654135338345865
    },
    "CRISIS": {
      "n_dates": 75,
      "ic_mean": 0.24405470522312336,
      "ic_std": 0.18990675532048015,
      "ic_ir": 4.451817930956015,
      "positive_rate": 0.88
    },
    "SIDEWAYS": {
      "n_dates": 762,
      "ic_mean": 0.07888616255138267,
      "ic_std": 0.23365520171786494,
      "ic_ir": 1.1695424758239839,
      "positive_rate": 0.6509186351706037
    }
  }
}