{
  "candidate_id": "research-cycle-2026-04-26-01_S1_nominee",
  "corr_vs": {
    "rcm_v1_defensive_composite_01": 0.6147787920360036,
    "candidate_2_orthogonal_01": 0.6136835003453691
  }
}