{
  "candidate_id": "research-cycle-2026-04-26-01_S1_nominee",
  "n_dates": 2264,
  "top1_weight_max": 0.1,
  "top3_weight_max": 0.30000000000000004,
  "top5_weight_max": 0.5,
  "distinct_names_count": 60,
  "name_days_max_share": 0.09081632653060899,
  "watchlist_single_max_share": 0.08620230700975744,
  "watchlist_total_share": 0.39498669032830525,
  "thin_data_weighted_share": 0.07511613132209247,
  "thin_data_binary_share": 0.3866903283052352,
  "per_symbol_watch_shares": {
    "APD": 0.007275953859804775,
    "CMG": 0.002883762200532384,
    "SOXL": 0.06286601597160436,
    "QUAL": 0.003904170363797686,
    "CLX": 0.003460514640638859,
    "LLY": 0.007187222715173008,
    "TMO": 0.0004880212954747116,
    "USMV": 0.0011978704525288382,
    "ABT": 0.0011091393078970723,
    "KLAC": 0.06792369121561473,
    "SCHD": 0.009804791481810135,
    "XLRE": 0.00022182786157941438,
    "ACGL": 0.056388642413485825,
    "TKO": 0.00266193433895297,
    "TT": 0.006921029281277711,
    "ISRG": 0.011579414374445474,
    "VLUE": 0.007453416149068309,
    "LRCX": 0.048669032830522645,
    "PWR": 0.08620230700975744,
    "TRV": 0.00022182786157941438,
    "MCK": 0.0035492457852706245,
    "MTUM": 0.003016858917480032
  },
  "sector_concentration": {
    "status": "computed",
    "per_sector_weight_day_share": {
      "Information Technology": 0.341171251109132,
      "Communication Services": 0.03881987577639765,
      "Consumer Discretionary": 0.057497781721384617,
      "Leveraged ETF": 0.14108251996450333,
      "Industrials": 0.10133096716947347,
      "Consumer Staples": 0.01424134871339842,
      "Health Care": 0.06322094055013293,
      "Energy": 0.10283939662821448,
      "Utilities": 0.008296362023070082,
      "Financials": 0.08158828748890734,
      "Real Estate": 0.015084294587400269,
      "Materials": 0.007275953859804775,
      "Factor / Multi-sector ETF": 0.025377107364685,
      "Commodity": 0.00217391304347826
    },
    "top_sector_label": "Information Technology",
    "top_sector_weight_day_share": 0.341171251109132,
    "block_for_review_threshold": 0.5,
    "block_for_review": false,
    "unknown_symbol_count": 0
  },
  "benchmark_beta_concentration": {
    "status": "computed",
    "portfolio_weighted_mean_beta": 1.720314214294195,
    "portfolio_weighted_std_beta": 1.1383294454202777,
    "max_abs_per_symbol_beta": 4.877886831795855,
    "n_symbols_with_beta": 56
  },
  "triggered_warnings": [
    "thin_data_weighted_share=0.0751>0.05",
    "watch_single_share=0.0862>=0.08"
  ],
  "triggered_extremes": [],
  "concentration_gate_status": "warning",
  "narrative_permission": "allowed"
}