{
  "experiment": "rb5_b2_acceptance",
  "sealed_2026_read": false,
  "bar_integrity": {
    "weekend_rows": 0,
    "years": [
      2009,
      2010,
      2011,
      2012,
      2013,
      2014,
      2015,
      2016,
      2017,
      2018,
      2019,
      2020,
      2021,
      2022,
      2023,
      2024,
      2025
    ],
    "intraday_pairs": 10
  },
  "n_rows": {
    "train": 720,
    "val": 589
  },
  "honest_n_trials": 15,
  "ic": {
    "dlinear": -0.07850539291217257,
    "shallow": 0.03418079096045197,
    "deep": -0.09062660503338466
  },
  "ab_deconfound": {
    "dlinear": {
      "info_only_ic": 0.09130651431622068,
      "full_ic": -0.07850539291217257,
      "timing_contrib_ic": -0.16981190722839323
    },
    "shallow": {
      "info_only_ic": 0.08038071838002278,
      "full_ic": 0.03418079096045197,
      "timing_contrib_ic": -0.04619992741957081
    },
    "deep": {
      "info_only_ic": 0.07561447349747358,
      "full_ic": -0.09062660503338466,
      "timing_contrib_ic": -0.16624107853085823
    }
  },
  "pbo": {
    "pbo": 0.16666666666666666,
    "red_flag": false,
    "n_combinations": 252,
    "S": 10,
    "mean_logit": -0.6314320777436888,
    "threshold": 0.5,
    "auto_kill": false,
    "note": "diagnostic red-flag only; human adjudicates (PRD G2-A3). forward-only: past cycles not retro-computable (scalar-only archive)."
  },
  "dsr_on_best": {
    "best_arm": "shallow",
    "dsr": {
      "deflated_sharpe": 0.14665428882304343,
      "sharpe": 0.09220453349610071,
      "sr0": 0.23052336749171165,
      "skew": -0.024388792442312242,
      "kurtosis": 2.195473843089924,
      "n_trials": 15.0,
      "T": 59.0
    }
  },
  "gates": {
    "deep_ge_shallow": false,
    "shallow_ge_dlinear": true,
    "dsr_survives": false,
    "pbo_not_red_flagged": true,
    "all_ics_positive": false
  },
  "verdict": "FAIL_recorded_root_cause",
  "intraday_ml_self_deception_caveat": "PRD-3 \u00a73: intraday-ML = the program's HIGHEST self-deception risk arm. RB5 verdict MOST strict (deep>=shallow>=DLinear AND DSR survives AND PBO not red-flagged AND all ICs positive \u2014 every gate required). Negative \u2192 ROOT CAUSE, no termination, no blanket. IC-layer screen only; binding gate = PRD-2 NAV Track-A; not a promotion (funnel)."
}