{
  "method": "PEAD Path 1 baseline 30bp vs stress 60bp slippage",
  "results": [
    {
      "spec": "SUE>=1.5 h=21 n=10",
      "30bp": {
        "sharpe": 0.9845741882660709,
        "cagr": 0.05425589469480019,
        "max_dd": -0.07857009529204399
      },
      "60bp": {
        "sharpe": 0.6968165078860906,
        "cagr": 0.03782438333689231,
        "max_dd": -0.08802116055248166
      },
      "verdict": "ROBUST"
    },
    {
      "spec": "SUE>=1.5 h=60 n=10",
      "30bp": {
        "sharpe": 1.033412817188303,
        "cagr": 0.1082969715241342,
        "max_dd": -0.25500901842533913
      },
      "60bp": {
        "sharpe": 0.8884957547980284,
        "cagr": 0.09211388845269508,
        "max_dd": -0.26584935789255926
      },
      "verdict": "MARGINAL"
    }
  ]
}