{
  "lineage": "taa-phase2-smoke-2026-05-06",
  "panel_n_dates": 3345,
  "panel_n_syms": 79,
  "regime_distribution": {
    "BULL": 1002,
    "RISK_ON": 702,
    "NEUTRAL": 618,
    "CAUTIOUS": 573,
    "CRISIS": 244,
    "RISK_OFF": 206
  },
  "variants": [
    {
      "rule_set": "v1",
      "cadence": "MS",
      "elapsed_seconds": 9.784304141998291,
      "n_observed_days": 3345,
      "metrics_full_period": {
        "cum_ret": 0.12846273927191265,
        "cagr": 0.007584724007973609,
        "sharpe": 0.24790554718330457,
        "max_dd": -0.14369533742779753,
        "calmar": 0.05278336892305012
      },
      "metrics_per_regime": {
        "BULL": {
          "n_days": 1002,
          "cum_ret": 0.04324087878027294,
          "sharpe": 0.42146424865121573,
          "max_dd": -0.037964263289361734
        },
        "RISK_ON": {
          "n_days": 702,
          "cum_ret": 0.013170027505827298,
          "sharpe": 0.21080131165767746,
          "max_dd": -0.03040330801114579
        },
        "NEUTRAL": {
          "n_days": 618,
          "cum_ret": -0.0474426300874593,
          "sharpe": -0.5183526802154558,
          "max_dd": -0.09831801255967197
        },
        "CAUTIOUS": {
          "n_days": 573,
          "cum_ret": 0.1273077558944371,
          "sharpe": 1.2604859030925042,
          "max_dd": -0.0425046787539538
        },
        "RISK_OFF": {
          "n_days": 206,
          "cum_ret": 0.009343805513867043,
          "sharpe": 0.21131061256678776,
          "max_dd": -0.03504633587949103
        },
        "CRISIS": {
          "n_days": 244,
          "cum_ret": -0.014974359957769856,
          "sharpe": -0.1545351829353566,
          "max_dd": -0.05105614737943214
        }
      },
      "metrics_per_validation_year": {},
      "metrics_per_stress_slice": {
        "covid_flash": {
          "cum_ret": 0.04180504126255369,
          "cagr": 0.22073117044222323,
          "sharpe": 1.5848641653374835,
          "max_dd": -0.047316180893623945,
          "calmar": 4.665025077541025
        },
        "rate_hike_2022": {
          "cum_ret": -0.046446005816612845,
          "cagr": -0.24781323227183005,
          "sharpe": -4.338780576336795,
          "max_dd": -0.046585813995593243,
          "calmar": -5.319499886709542
        }
      },
      "vs_spy_comparison": {
        "taa": {
          "cum_ret": 0.12846273927191265,
          "cagr": 0.007584724007973609,
          "sharpe": 0.24790554718330457,
          "max_dd": -0.14369533742779753,
          "calmar": 0.05278336892305012
        },
        "spy_buy_hold": {
          "cum_ret": 1.852879603320519,
          "cagr": 0.11057284340139395,
          "sharpe": 0.787854316045828,
          "max_dd": -0.34228962752335385,
          "calmar": 0.32303883761084684
        },
        "delta_calmar": -0.2702554686877967,
        "delta_max_dd": 0.19859429009555632,
        "delta_sharpe": -0.5399487688625234
      },
      "rebalance_dates_n": 144
    },
    {
      "rule_set": "v1",
      "cadence": "D",
      "elapsed_seconds": 9.870174884796143,
      "n_observed_days": 3345,
      "metrics_full_period": {
        "cum_ret": 0.13225944917252153,
        "cagr": 0.007796339018408149,
        "sharpe": 0.25538792132958676,
        "max_dd": -0.1435748501329679,
        "calmar": 0.054301564732178266
      },
      "metrics_per_regime": {
        "BULL": {
          "n_days": 1002,
          "cum_ret": 0.04089998380108595,
          "sharpe": 0.4536632154869357,
          "max_dd": -0.029888381077508738
        },
        "RISK_ON": {
          "n_days": 702,
          "cum_ret": 0.000909747702477981,
          "sharpe": 0.025854863957514285,
          "max_dd": -0.024742364824042427
        },
        "NEUTRAL": {
          "n_days": 618,
          "cum_ret": -0.03901251962476726,
          "sharpe": -0.42804833415253224,
          "max_dd": -0.0989856464032915
        },
        "CAUTIOUS": {
          "n_days": 573,
          "cum_ret": 0.14893118917995785,
          "sharpe": 1.3219511847842804,
          "max_dd": -0.04077713934956201
        },
        "RISK_OFF": {
          "n_days": 206,
          "cum_ret": 0.013866287112117126,
          "sharpe": 0.30852597472099974,
          "max_dd": -0.03692745045410996
        },
        "CRISIS": {
          "n_days": 244,
          "cum_ret": -0.02915566206433795,
          "sharpe": -0.338510228746011,
          "max_dd": -0.05578377221389141
        }
      },
      "metrics_per_validation_year": {},
      "metrics_per_stress_slice": {
        "covid_flash": {
          "cum_ret": 0.04655944307094284,
          "cagr": 0.2481023367578472,
          "sharpe": 1.7356159051297118,
          "max_dd": -0.0474936181368726,
          "calmar": 5.223908947994596
        },
        "rate_hike_2022": {
          "cum_ret": -0.048119522646057566,
          "cagr": -0.255683152572343,
          "sharpe": -4.510265161568352,
          "max_dd": -0.048138692400769935,
          "calmar": -5.311385495137661
        }
      },
      "vs_spy_comparison": {
        "taa": {
          "cum_ret": 0.13225944917252153,
          "cagr": 0.007796339018408149,
          "sharpe": 0.25538792132958676,
          "max_dd": -0.1435748501329679,
          "calmar": 0.054301564732178266
        },
        "spy_buy_hold": {
          "cum_ret": 1.852879603320519,
          "cagr": 0.11057284340139395,
          "sharpe": 0.787854316045828,
          "max_dd": -0.34228962752335385,
          "calmar": 0.32303883761084684
        },
        "delta_calmar": -0.26873727287866855,
        "delta_max_dd": 0.19871477739038595,
        "delta_sharpe": -0.5324663947162412
      },
      "rebalance_dates_n": 3345
    },
    {
      "rule_set": "v0_minimal",
      "cadence": "MS",
      "elapsed_seconds": 9.688167333602905,
      "n_observed_days": 3345,
      "metrics_full_period": {
        "cum_ret": 0.10040621610237532,
        "cagr": 0.00599993761915707,
        "sharpe": 0.1821651711784834,
        "max_dd": -0.1590873867406785,
        "calmar": 0.03771472862859524
      },
      "metrics_per_regime": {
        "BULL": {
          "n_days": 1002,
          "cum_ret": 0.05978509703979262,
          "sharpe": 0.4829745913396919,
          "max_dd": -0.028481963230550435
        },
        "RISK_ON": {
          "n_days": 702,
          "cum_ret": 0.005620604638265414,
          "sharpe": 0.08732997192154149,
          "max_dd": -0.030201642795690275
        },
        "NEUTRAL": {
          "n_days": 618,
          "cum_ret": -0.06463524479485394,
          "sharpe": -0.641246731870234,
          "max_dd": -0.11487911124938395
        },
        "CAUTIOUS": {
          "n_days": 573,
          "cum_ret": 0.10443501562094659,
          "sharpe": 0.9361813150111008,
          "max_dd": -0.036448698112394526
        },
        "RISK_OFF": {
          "n_days": 206,
          "cum_ret": 0.02346410765139595,
          "sharpe": 0.42044096968915545,
          "max_dd": -0.03919907318713131
        },
        "CRISIS": {
          "n_days": 244,
          "cum_ret": -0.02342123173136257,
          "sharpe": -0.23859931023631248,
          "max_dd": -0.057290291542953446
        }
      },
      "metrics_per_validation_year": {},
      "metrics_per_stress_slice": {
        "covid_flash": {
          "cum_ret": 0.04854010675742848,
          "cagr": 0.25964793347486004,
          "sharpe": 1.700150116247899,
          "max_dd": -0.05099883300230958,
          "calmar": 5.091252450092365
        },
        "rate_hike_2022": {
          "cum_ret": -0.053944243535463565,
          "cagr": -0.28254196885932414,
          "sharpe": -4.2613344283548695,
          "max_dd": -0.05427496734889815,
          "calmar": -5.205751060945781
        }
      },
      "vs_spy_comparison": {
        "taa": {
          "cum_ret": 0.10040621610237532,
          "cagr": 0.00599993761915707,
          "sharpe": 0.1821651711784834,
          "max_dd": -0.1590873867406785,