{
  "lineage": "track-c-cycle-2026-05-01-04",
  "panel_load_seconds": 30.366514682769775,
  "n_samples": 5,
  "elapsed_per_trial_seconds": [
    19.972382307052612,
    18.305225372314453,
    19.3610622882843,
    19.39340376853943,
    18.17857837677002
  ],
  "stats": {
    "min": 18.17857837677002,
    "median": 19.3610622882843,
    "mean": 19.042130422592162,
    "p95": 19.856586599349974,
    "max": 19.972382307052612
  },
  "target_seconds": 20.0,
  "verdict": "PASS",
  "estimated_200_trial_smoke_minutes": 64.536874294281
}